{
  "model": "transfer_efficientnet",
  "model_path": "results/models/transfer_efficientnet.keras",
  "accuracy": 0.903125,
  "precision_weighted": 0.9088714678262403,
  "recall_weighted": 0.903125,
  "f1_weighted": 0.9002370569814273,
  "classification_report": {
    "glioma": {
      "precision": 0.959731543624161,
      "recall": 0.715,
      "f1-score": 0.8194842406876791,
      "support": 400.0
    },
    "meningioma": {
      "precision": 0.8151447661469933,
      "recall": 0.915,
      "f1-score": 0.8621908127208481,
      "support": 400.0
    },
    "pituitary": {
      "precision": 0.9542168674698795,
      "recall": 0.99,
      "f1-score": 0.9717791411042945,
      "support": 400.0
    },
    "no_tumor": {
      "precision": 0.906392694063927,
      "recall": 0.9925,
      "f1-score": 0.9474940334128878,
      "support": 400.0
    },
    "accuracy": 0.903125,
    "macro avg": {
      "precision": 0.9088714678262403,
      "recall": 0.9031250000000001,
      "f1-score": 0.9002370569814274,
      "support": 1600.0
    },
    "weighted avg": {
      "precision": 0.9088714678262403,
      "recall": 0.903125,
      "f1-score": 0.9002370569814273,
      "support": 1600.0
    }
  }
}